-- phpMyAdmin SQL Dump
-- version 5.2.1
-- https://www.phpmyadmin.net/
--
-- Host: 127.0.0.1
-- Waktu pembuatan: 23 Jan 2024 pada 15.49
-- Versi server: 10.4.32-MariaDB
-- Versi PHP: 8.0.30

SET SQL_MODE = "NO_AUTO_VALUE_ON_ZERO";
START TRANSACTION;
SET time_zone = "+00:00";


/*!40101 SET @OLD_CHARACTER_SET_CLIENT=@@CHARACTER_SET_CLIENT */;
/*!40101 SET @OLD_CHARACTER_SET_RESULTS=@@CHARACTER_SET_RESULTS */;
/*!40101 SET @OLD_COLLATION_CONNECTION=@@COLLATION_CONNECTION */;
/*!40101 SET NAMES utf8mb4 */;

--
-- Database: `absen_lokasi`
--

-- --------------------------------------------------------

--
-- Struktur dari tabel `absen`
--

CREATE TABLE `absen` (
  `id_absen` int(11) NOT NULL,
  `nim` varchar(50) NOT NULL,
  `waktu` timestamp NOT NULL DEFAULT current_timestamp() ON UPDATE current_timestamp(),
  `keterangan` varchar(100) NOT NULL
) ENGINE=InnoDB DEFAULT CHARSET=utf8mb4 COLLATE=utf8mb4_general_ci;

--
-- Dumping data untuk tabel `absen`
--

INSERT INTO `absen` (`id_absen`, `nim`, `waktu`, `keterangan`) VALUES
(56, '333', '2024-01-21 11:00:31', 'masuk'),
(57, '333', '2024-01-21 11:00:35', 'pulang'),
(58, '333', '2024-01-21 19:58:30', 'masuk');

-- --------------------------------------------------------

--
-- Struktur dari tabel `cuti`
--

CREATE TABLE `cuti` (
  `id_cuti` int(11) NOT NULL,
  `nim` varchar(50) NOT NULL,
  `jenis_cuti` enum('cuti','izin','sakit') NOT NULL,
  `bukti` varchar(254) DEFAULT NULL,
  `alasan` text NOT NULL,
  `status` enum('diajukan','diterima','ditolak') NOT NULL,
  `waktu_pengajuan` timestamp NOT NULL DEFAULT current_timestamp()
) ENGINE=InnoDB DEFAULT CHARSET=utf8mb4 COLLATE=utf8mb4_general_ci;

-- --------------------------------------------------------

--
-- Struktur dari tabel `departemen`
--

CREATE TABLE `departemen` (
  `departemen_id` int(11) NOT NULL,
  `departemen` varchar(254) NOT NULL
) ENGINE=InnoDB DEFAULT CHARSET=utf8mb4 COLLATE=utf8mb4_general_ci;

--
-- Dumping data untuk tabel `departemen`
--

INSERT INTO `departemen` (`departemen_id`, `departemen`) VALUES
(1, 'Keuangan'),
(2, 'Administrasi'),
(6, 'Kitchen');

-- --------------------------------------------------------

--
-- Struktur dari tabel `detailcuti`
--

CREATE TABLE `detailcuti` (
  `id_detail` int(11) NOT NULL,
  `id_cuti` int(11) NOT NULL,
  `tanggal` date NOT NULL
) ENGINE=InnoDB DEFAULT CHARSET=utf8mb4 COLLATE=utf8mb4_general_ci;

-- --------------------------------------------------------

--
-- Struktur dari tabel `pegawai`
--

CREATE TABLE `pegawai` (
  `nim` varchar(50) NOT NULL,
  `jenis_kelamin` enum('L','P') NOT NULL,
  `waktu_masuk` date NOT NULL,
  `id_departemen` int(11) NOT NULL,
  `gaji` int(11) NOT NULL
) ENGINE=InnoDB DEFAULT CHARSET=utf8mb4 COLLATE=utf8mb4_general_ci;

--
-- Dumping data untuk tabel `pegawai`
--

INSERT INTO `pegawai` (`nim`, `jenis_kelamin`, `waktu_masuk`, `id_departemen`, `gaji`) VALUES
('1221', 'L', '2024-01-13', 1, 10000),
('2110', 'L', '2024-01-20', 6, 10500),
('2110102018', 'L', '2024-01-18', 6, 70000),
('2111', 'L', '2024-01-20', 2, 10500),
('333', 'L', '2024-01-14', 6, 10000),
('421312312', 'L', '2024-01-15', 6, 10000);

-- --------------------------------------------------------

--
-- Struktur dari tabel `user`
--

CREATE TABLE `user` (
  `user_id` int(11) NOT NULL,
  `nama` varchar(254) NOT NULL,
  `email` varchar(254) NOT NULL,
  `password` varchar(254) NOT NULL,
  `level` enum('admin','pegawai','pegawaioutsite') NOT NULL,
  `nim` varchar(50) DEFAULT NULL
) ENGINE=InnoDB DEFAULT CHARSET=utf8mb4 COLLATE=utf8mb4_general_ci;

--
-- Dumping data untuk tabel `user`
--

INSERT INTO `user` (`user_id`, `nama`, `email`, `password`, `level`, `nim`) VALUES
(1, 'Administrator', 'admin@admin.com', '202cb962ac59075b964b07152d234b70', 'admin', NULL),
(12, 'haikal', 'haikal@gmail.com', 'c7c6d6e78a8bcd606c9b1a328176c0a5', 'pegawai', '1221'),
(17, 'udin', 'udin@gmail.com', '539760b3222370b2754cbac577b2fc31', 'pegawaioutsite', '333'),
(18, 'user', 'user@gmail.com', '6ad14ba9986e3615423dfca256d04e3f', 'pegawai', '421312312'),
(24, 'Hekal', 'hekal@gmail.com', '539760b3222370b2754cbac577b2fc31', 'pegawai', '2110102018'),
(25, 'useron', 'useron@gmail.com', '6ad14ba9986e3615423dfca256d04e3f', 'pegawai', '2110'),
(26, 'userout', 'userout@gmail.com', '6ad14ba9986e3615423dfca256d04e3f', 'pegawaioutsite', '2111');

-- --------------------------------------------------------

--
-- Struktur dari tabel `web`
--

CREATE TABLE `web` (
  `id_web` int(11) NOT NULL,
  `logo` varchar(254) NOT NULL,
  `nama` varchar(254) NOT NULL,
  `author` varchar(254) NOT NULL,
  `alamat` text NOT NULL,
  `nohp` varchar(20) NOT NULL,
  `email` varchar(100) NOT NULL
) ENGINE=InnoDB DEFAULT CHARSET=utf8mb4 COLLATE=utf8mb4_general_ci;

--
-- Dumping data untuk tabel `web`
--

INSERT INTO `web` (`id_web`, `logo`, `nama`, `author`, `alamat`, `nohp`, `email`) VALUES
(1, 'canngopilogo.png', 'E - CanNgopi', 'Muhammad Haikal', 'Kelapa dua no 2 tangerang banten', '089503725636', 'Haikal@gmail.com');

--
-- Indexes for dumped tables
--

--
-- Indeks untuk tabel `absen`
--
ALTER TABLE `absen`
  ADD PRIMARY KEY (`id_absen`);

--
-- Indeks untuk tabel `cuti`
--
ALTER TABLE `cuti`
  ADD PRIMARY KEY (`id_cuti`);

--
-- Indeks untuk tabel `departemen`
--
ALTER TABLE `departemen`
  ADD PRIMARY KEY (`departemen_id`);

--
-- Indeks untuk tabel `detailcuti`
--
ALTER TABLE `detailcuti`
  ADD PRIMARY KEY (`id_detail`);

--
-- Indeks untuk tabel `pegawai`
--
ALTER TABLE `pegawai`
  ADD PRIMARY KEY (`nim`);

--
-- Indeks untuk tabel `user`
--
ALTER TABLE `user`
  ADD PRIMARY KEY (`user_id`);

--
-- Indeks untuk tabel `web`
--
ALTER TABLE `web`
  ADD PRIMARY KEY (`id_web`);

--
-- AUTO_INCREMENT untuk tabel yang dibuang
--

--
-- AUTO_INCREMENT untuk tabel `absen`
--
ALTER TABLE `absen`
  MODIFY `id_absen` int(11) NOT NULL AUTO_INCREMENT, AUTO_INCREMENT=59;

--
-- AUTO_INCREMENT untuk tabel `cuti`
--
ALTER TABLE `cuti`
  MODIFY `id_cuti` int(11) NOT NULL AUTO_INCREMENT, AUTO_INCREMENT=17;

--
-- AUTO_INCREMENT untuk tabel `departemen`
--
ALTER TABLE `departemen`
  MODIFY `departemen_id` int(11) NOT NULL AUTO_INCREMENT, AUTO_INCREMENT=7;

--
-- AUTO_INCREMENT untuk tabel `detailcuti`
--
ALTER TABLE `detailcuti`
  MODIFY `id_detail` int(11) NOT NULL AUTO_INCREMENT, AUTO_INCREMENT=20;

--
-- AUTO_INCREMENT untuk tabel `user`
--
ALTER TABLE `user`
  MODIFY `user_id` int(11) NOT NULL AUTO_INCREMENT, AUTO_INCREMENT=27;

--
-- AUTO_INCREMENT untuk tabel `web`
--
ALTER TABLE `web`
  MODIFY `id_web` int(11) NOT NULL AUTO_INCREMENT, AUTO_INCREMENT=2;
COMMIT;

/*!40101 SET CHARACTER_SET_CLIENT=@OLD_CHARACTER_SET_CLIENT */;
/*!40101 SET CHARACTER_SET_RESULTS=@OLD_CHARACTER_SET_RESULTS */;
/*!40101 SET COLLATION_CONNECTION=@OLD_COLLATION_CONNECTION */;
